0,2,1,Followed Profile,2024-01-28 18:20:45
1,9,1,Left a Comment,2007-05-23 04:34:03
2,15,18,Viewed Profile,2010-07-25 10:08:08
3,0,6,Left a Comment,2024-01-24 05:41:56
4,1,1,Left a Comment,2024-01-29 23:25:47
5,16,15,Left a Comment,2021-09-22 23:07:40
6,19,18,Liked Post,2006-06-29 08:53:49
7,11,2,Liked Post,2010-11-11 05:31:37
8,14,1,Followed Profile,2017-09-04 20:34:33
9,19,15,Liked Post,2018-01-02 02:51:39
10,13,2,Shared Post,2012-03-17 07:37:35
11,2,3,Viewed Profile,2009-05-21 19:59:33
12,4,15,Viewed Profile,2012-09-04 07:00:18
13,2,5,Viewed Profile,2007-04-22 06:57:42
14,15,16,Followed Profile,2019-09-17 17:36:38
15,10,1,Left a Comment,2005-09-22 00:25:42
16,16,17,Liked Post,2023-11-28 12:44:02
17,8,18,Viewed Profile,2007-06-06 22:01:04
18,7,0,Viewed Profile,2019-04-23 12:02:12
19,10,1,Shared Post,2009-12-14 10:25:18
20,3,14,Shared Post,2013-04-12 10:38:56
21,19,2,Viewed Profile,2010-09-16 19:51:50
22,15,14,Left a Comment,2005-08-29 04:01:34
23,16,1,Shared Post,2014-07-06 00:58:16
24,5,9,Followed Profile,2009-02-25 18:11:58
25,6,11,Left a Comment,2006-01-18 23:24:56
26,14,13,Viewed Profile,2012-01-05 05:18:00
27,4,15,Liked Post,2018-09-20 16:01:20
28,1,16,Liked Post,2023-05-29 22:36:02
29,10,9,Shared Post,2022-12-07 21:29:46
30,5,15,Viewed Profile,2011-01-27 00:32:33
31,12,1,Viewed Profile,2015-06-20 12:07:57
32,2,15,Left a Comment,2010-04-17 05:57:18
33,16,9,Liked Post,2016-08-10 07:10:24
34,7,11,Liked Post,2021-12-22 04:47:01
35,18,8,Viewed Profile,2009-07-26 12:34:54
36,12,1,Left a Comment,2016-06-15 05:29:48
37,0,1,Viewed Profile,2012-05-25 20:35:01
38,13,11,Viewed Profile,2005-06-20 04:50:53
39,12,14,Followed Profile,2015-04-16 09:37:35
40,5,0,Shared Post,2008-10-27 21:04:59
41,5,13,Viewed Profile,2020-05-31 23:58:10
42,19,2,Followed Profile,2006-08-21 10:01:51
43,8,10,Shared Post,2016-01-28 01:25:41
44,9,10,Viewed Profile,2013-03-19 12:17:15
45,7,18,Followed Profile,2022-11-05 21:54:03
46,3,18,Liked Post,2005-11-15 11:04:07
47,9,5,Viewed Profile,2012-04-14 10:36:25
48,7,13,Left a Comment,2022-06-14 05:12:33
49,0,17,Shared Post,2016-09-17 00:50:26
